WORK ORDER,LOCATION,OUTPUT TO,ASSIGNED TO,SERVICE TYPE,SCHEDULE DATE,SYMPTOM/TASK
23490253,"Commons Apartments: 8B - Entire Unit, 8B Unit ",Belfor,Hayden Hurst (Belfor),SMR27 - Belfor,7/29/2026,Has BG on the couch and both bedroom mattresses. Can we get it either replaced or fixed for move-ins. Thank you!!!
23490077,"Centennial Courts Apartments: 1123 - Entire Area, Building 11 second floor, common area bathroom ",Belfor,Hayden Hurst (Belfor),SMR27 - Belfor,7/29/2026,Common area bathroom has covering in the ceiling from water damage and needs to be fixed
23487999,"Moore Hall - School of Business: 202 - Women's Restroom, 202 Moore Hall",Belfor,Hayden Hurst (Belfor),SMR27 - Belfor,7/28/2026,Replace ceiling tiles as needed. Also need to have the window in the handicap stall fixed as it is leaning inwards allowing bugs and weather elements to come inside
23487993,"Moore Hall - School of Business: 203 - Future Student Workspace, 203 Moore Hall",Belfor,Hayden Hurst (Belfor),SMR27 - Belfor,7/28/2026,Requesting bacterial cleaning service and replacement of ceiling tiles as needed
23487502,"Scholars Inn Apartments: 1813 - Entire Area, Hallway",Belfor,Hayden Hurst (Belfor),SMR27 - Belfor,7/28/2026,Please remediate the small BG spot on the ceiling in the hallway next to the light.
23485260,"Scholars Inn Apartments: 2413 - Entire Area, Entire apartment",Belfor,Hayden Hurst (Belfor),SMR27 - Belfor,7/27/2026,"Please replace all vents in the common area, bedrooms 1, 2, & 3; and in shower 2."
23484791,"Allied Health: Entire Building, 2nd fl East-West hallway
Rms 105, 212, 217, 229, 230, 232, Basement, ",Belfor,Hayden Hurst (Belfor),SMR27 - Belfor,7/27/2026,"Move chairs from 2nd fl east-west hallway to rms 211 (2 or 3), basement (2 or 3), lecture hall 105 (7 (5 back of room, 2 near podium), and additional chairs to surplus. Move bookcase from rm 231 to receptionist office rm 215 near copier Move 3 standing desks from rm 217 storage area to surplus Move standing desk from rm 229 to surplus"
23484320,"Commons Apartments: 11G - Entire Unit, ",Belfor,Hayden Hurst (Belfor),SMR27 - Belfor,7/27/2026,Replace Bent Bedframe. Pull from Scholars Basement. Please trash old bent frame. Thank You
23484103,"Agriculture Research & Extension Ed. Complex: E. L Holloway room 323, 302",Belfor,Hayden Hurst (Belfor),SMR27 - Belfor,7/27/2026,"Good morning, Could you please assist us with moving furniture that is currently positioned too close to the wall, preventing access to the electrical outlets and network wall jacks? The furniture needs to be moved slightly away from the wall to allow proper access to these connections. Thank you for your assistance."
23481296,"Scholars Inn Apartments: 1911 - Entire Area, Shower 1 &2",Belfor,Hayden Hurst (Belfor),SMR27 - Belfor Re-Work,7/26/2026,Please assess BG in the showers Reference work order: 23286990
23481271,"Scholars Inn Apartments: 1224 - Entire Area, Shower 1 & 2",Belfor,Hayden Hurst (Belfor),SMR27 - Belfor Re-Work,7/26/2026,Replace towel bars in showers 1 & 2 Reference work order: 23277654
23481261,"Scholars Inn Apartments: 1032 - Entire Area, Kitchen Area",Belfor,Hayden Hurst (Belfor),SMR27 - Belfor Re-Work,7/26/2026,Please remove the garbage disposal on the kitchen sink Reference work order: 23287835
23479680,"Scholars Inn Apartments: 1433 - Entire Area, ",Belfor,Hayden Hurst (Belfor),SMR27 - Belfor,7/24/2026,Please assess the Kitchen vanity for BG under
23476704,"Scholars Inn Apartments: 1231 - Entire Area, Kitchen area",Belfor,Hayden Hurst (Belfor),SMR27 - Belfor,7/23/2026,Please replace the refrigerator that's in the kitchen area due to leaking.
23473479,"Centennial Courts Apartments: 521 - Entire Area, ",Belfor,Hayden Hurst (Belfor),SMR27 - Belfor,7/22/2026,Please close up hole in the siding outside the front door.
23472262,"Centennial Courts Apartments: 1114 - Entire Area, ",Belfor,Hayden Hurst (Belfor),SMR27 - Belfor,7/21/2026,Common Area Blinds need to be changed Bedroom A & B blinds changed
23472260,"Centennial Courts Apartments: 1111A, ",Belfor,Hayden Hurst (Belfor),SMR27 - Belfor,7/21/2026,"Please assess the room door. Door wont close, needs to be adjusted to close properly"
23472259,"Centennial Courts Apartments: 1124 - Entire Area, ",Belfor,Hayden Hurst (Belfor),SMR27 - Belfor,7/21/2026,Bedrooms A & B-replace the blinds
23472257,"Centennial Courts Apartments: 1122 - Entire Area, ",Belfor,Hayden Hurst (Belfor),SMR27 - Belfor,7/21/2026,Bedrooms A & B-replace the blinds
23472256,"Centennial Courts Apartments: 1134 - Entire Area, ",Belfor,Hayden Hurst (Belfor),SMR27 - Belfor,7/21/2026,Common Area blinds replaced Room B blinds replaced Room D blinds replaced
23472251,"Centennial Courts Apartments: 412C, ",Belfor,Hayden Hurst (Belfor),SMR27 - Belfor,7/21/2026,Common Area blinds replaced Room B blinds replaced Room D blinds replaced
23472249,"Centennial Courts Apartments: 611 - Entire Area, ",Belfor,Hayden Hurst (Belfor),SMR27 - Belfor,7/21/2026,"Bedroom A- Needs a new dresser, pull from scholars basement, trash the old"
23472248,"Centennial Courts Apartments: 614B, ",Belfor,Hayden Hurst (Belfor),SMR27 - Belfor,7/21/2026,Replace the desk light cover
23472247,"Centennial Courts Apartments: 622 - Entire Area, Common Area Bathroom",Belfor,Hayden Hurst (Belfor),SMR27 - Belfor,7/21/2026,Please assess the bathroom ceiling over tub for BG.
23472246,"Centennial Courts Apartments: 631C, ",Belfor,Hayden Hurst (Belfor),SMR27 - Belfor,7/21/2026,Install Smoke detector in room.
23472245,"Centennial Courts Apartments: 1023 - Entire Area, ",Belfor,Hayden Hurst (Belfor),SMR27 - Belfor,7/21/2026,Please install a Refrigerator
23471248,"Centennial Courts Apartments: 912 - Entire Area, ",Belfor,Hayden Hurst (Belfor),SMR27 - Belfor,7/21/2026,Replace Common area Blinds -Cove Base is coming off wall in kitchen
23471242,"Centennial Courts Apartments: 914 - Entire Area, Common Area Bathroom",Belfor,Hayden Hurst (Belfor),SMR27 - Belfor,7/21/2026,Please install a Shower Head in the common area Bathroom
23471040,"Dairy Barn Building: Men's Restroom (access through laundry room), Main Farm and South Farm Bathrooms",Belfor,Hayden Hurst (Belfor),SMR27 - Belfor,7/21/2026 13:35,"Good Morning, we would like to install hand dryers in our bathrooms at the Main and South Farm. One in each bathroom. Please quote me on the installation of the automatic hand dryers. Thank you for your time and service."
23470988,"Multiple Locations: Scholars - 2 technicians 
Commons - 2 technicians 
Centennial and Young Hall - 3 technicians. (They will go between both buildings).",Belfor,Alissa Stephens (Belfor),SMR27 - Belfor,7/31/2026,"SMR working the following days: Friday, 7/24/26 - 8:00am to 5:00pm Saturday , 7/25/26 - 8:00am to 5:00pm - OT Sunday, 7/26/26 - 9:00am to 12:00pm - OT"
23470914,"Multiple Locations: Scholars - 2 technicians 
Commons - 2 technicians 
Centennial and Young Hall - 3 technicians. (They will go between both buildings).",Belfor,Alissa Stephens (Belfor),SMR27 - Belfor,7/24/2026,"SMR working the following days: Friday, 7/24/26 - 8:00am to 5:00pm Saturday , 7/25/26 - 8:00am to 5:00pm - OT Sunday, 7/26/26 - 9:00am to 12:00pm - OT"
23470871,"Centennial Courts Apartments: 113 - Entire Area, ",Belfor,Hayden Hurst (Belfor),SMR27 - Belfor,7/21/2026,Replace All Blinds in the Unit -Replace all the Twin Mattresses with new ones from Scholars basement.
23470867,"Centennial Courts Apartments: 114 - Entire Area, ",Belfor,Hayden Hurst (Belfor),SMR27 - Belfor,7/21/2026,"Common Area Blinds Replaced -Bedroom A, install smoke detector -Bedroom B, Replace Dresser, Trash old dresser -Bedroom C, Replace Blinds -Bedroom D, Install New Twin Bedframe and Mattress, pull from scholars basement"
23470834,"Centennial Courts Apartments: 724 - Entire Area, ",Belfor,Hayden Hurst (Belfor),SMR27 - Belfor,7/21/2026,"Replace the Refrigerator, pull from scholars basement. Trash old refrigerator."
23468628,"Centennial Courts Apartments: 412C, Bedroom C door",Belfor,Hayden Hurst (Belfor),SMR27 - Belfor,7/20/2026,Please replace door per Dean Busby's request.
23467570,"Moore Hall - School of Business: 322 - Faculty Office/Michael Hamilton, Offices 322, 319, and 317 Moore Hall each need desks (wood preferred) and chairs.  317 needs a medium height bookshelf.  Need surplus items removed.  ",Belfor,Hayden Hurst (Belfor),SMR27 - Belfor,7/20/2026,"Need desks, chairs, and bookcases for offices 322, 319, and 317 Moore Hall. Need heavy items marked as surplus in each office removed."
23466705,"Page Hall: 119 Fiscal Affairs, Please relocate items in office to Room 126 by August 1. ",Belfor,Hayden Hurst (Belfor),SMR27 - Belfor,7/20/2026 5:40,"Per Ms. Harris, a conversation was held with President Jackson and Vice President Powell regarding this transition. Please relocate all items from Room 119 to Room 126 to facilitate the relocation of the Title IX Department. Please contact Ms. Marquita for further questions."
23466704,"Page Hall: 124 Division of Operations, Room 126 was not available as an option.",Belfor,Hayden Hurst (Belfor),SMR27 - Belfor,7/20/2026 5:20,"Per Ms.Harris: A Conversation was had with both President Jackson and VP Powell regarding this transition. Please clear the office space(Room 126) for an expected move in date of August 1 for Title IX. Please contact Mr. Aaron, Ms. Marquita and Justin for further questions."
23458412,"Scholars Inn Apartments: 2423 - Entire Area, ",Belfor,Hayden Hurst (Belfor),SMR27 - Belfor,7/16/2026,Common Area Blinds need to be replaced -Bedroom 1- replace blinds
23458399,"Centennial Courts Apartments: 131 - Entire Area, ",Belfor,Belfor Dispatch (Belfor),SMR27 - Belfor,7/16/2026,Replace All Blinds in the Unit (common area and bedrooms -Common Area bathroom fan not working -Common Area outlet plate replaced -Bedroom D. desk shelf holder replaced in order to hang shelf
23455822,"Centennial Courts Apartments: 1031A, 1031 Bedroom - A ",Belfor,Hayden Hurst (Belfor),SMR27 - Belfor Re-Work,7/15/2026,"1031 - A - Desk lamp is still loose and missing cover, will need to be replaced all together. SMR WO for reference: 23287970"
23455364,"Scholars Inn Apartments: 2722 - Entire Area, Entire apartment",Belfor,Hayden Hurst (Belfor),SMR27 - Belfor Re-Work,7/15/2026,Please install a new door stop behind bedroom 3. Please install the countertop and cabinets in all 3 bedrooms behind the bedroom doors.
23455117,"Scholars Inn Apartments: 2631 - Entire Area, Entire apartment",Belfor,Hayden Hurst (Belfor),SMR27 - Belfor Re-Work,7/15/2026,Please install a towel bar at vanity sink 2. Please install a wand for the blinds in bedroom 1.
23455104,"Scholars Inn Apartments: 2532 - Entire Area, Entire apartment",Belfor,Hayden Hurst (Belfor),SMR27 - Belfor Re-Work,7/15/2026,Please remove the bugs in the kitchen light fixture. Please replace the light cover in bathroom 1. Bugs were removed but the cover is damaged. Please replace the blinds in the common area.
23454888,"Scholars Inn Apartments: 2521 - Entire Area, Entire apartment",Belfor,Belfor Dispatch (Belfor),SMR27 - Belfor Re-Work,7/15/2026,Please replace the towel rack (bar) in shower 1. Please replace the blinds in the common area.
23454857,"Scholars Inn Apartments: 2234 - Entire Area, Entire apartment",Belfor,Hayden Hurst (Belfor),SMR27 - Belfor Re-Work,7/15/2026,Please remove the bugs from the light covers in the kitchen and bathroom. Please replace the light cover at vanity sink 1. *Vendor is still in the space completing work.
23454845,"Scholars Inn Apartments: 2232 - Entire Area, Entire apartment",Belfor,Hayden Hurst (Belfor),SMR27 - Belfor Re-Work,7/15/2026,Please remove the bugs from the kitchen light cover. Please fix the tiles that are missing/damaged in front of vanity sink 1. *Vendor is still in the space completing work.
23454752,"Scholars Inn Apartments: 2213 - Entire Area, Entire apartment",Belfor,Hayden Hurst (Belfor),SMR27 - Belfor Re-Work,7/15/2026,Please remove bugs from the kitchen and hallway light covers Please install a light cover/globe in bedroom 1. Please address the shower door as it is hard to close. Please replace all vents throughout the apartment.
23454747,"Centennial Courts Apartments: 112 - Entire Area, Building 1 first floor ",Belfor,Belfor Dispatch (Belfor),SMR27 - Belfor Re-Work,7/15/2026,Common area shower paint is peeling off by the shower faucet bottom flooring of the jack and jill bathroom sink need to be replaced and shower rod is needed also
23453250,"Scholars Inn Apartments: 1911 - Entire Area, Shower",Belfor,Hayden Hurst (Belfor),SMR27 - Belfor Re-Work,7/14/2026,Please assess (remediate) BG on the lower right part of the shower.
23453108,"Scholars Inn Apartments: 1413 - Entire Area, Common Area",Belfor,Hayden Hurst (Belfor),SMR27 - Belfor Re-Work,7/14/2026,Please replace the blinds in the Common Area.
23451856,"Centennial Courts Apartments: 433 - Entire Area, Entire unit ",Belfor,Hayden Hurst (Belfor),SMR27 - Belfor Re-Work,7/14/2026,common area blinds are still slightly damaged. Bedroom B blinds were replaced but the stick to close the blinds was not left. Student will need the ability to close the blinds.
23449762,"Scholars Inn Apartments: 2122 - Entire Area, Vanity sink 1",Belfor,Hayden Hurst (Belfor),SMR27 - Belfor Re-Work,7/13/2026,"Vanity sink 1 - vanity sink lights will need to be replaced. * It was on the SMR as ""vanity sink light works but are low and dimmed""*"
23441889,"Scholars Inn Apartments: 1132 - Entire Area, Shower 1
Shower 2",Belfor,Hayden Hurst (Belfor),SMR27 - Belfor Re-Work,7/9/2026,Please remove the bugs in the light covers in showers 1 & 2
23379009,"Centennial Courts Apartments: 223 - Entire Area, Common area",Belfor,Hayden Hurst (Belfor),SMR27 - Belfor Re-Work,6/18/2026,The new blinds that were installed in the common area has fallen down. Requesting the blinds to be secured.
